{
  "hash": "21b15d29",
  "configHash": "737db5a7",
  "lockfileHash": "0fc34c90",
  "browserHash": "87ae6879",
  "optimized": {
    "@angular/common": {
      "src": "../../../../../../node_modules/@angular/common/fesm2022/common.mjs",
      "file": "@angular_common.js",
      "fileHash": "5197c844",
      "needsInterop": false
    },
    "@angular/common/http": {
      "src": "../../../../../../node_modules/@angular/common/fesm2022/http.mjs",
      "file": "@angular_common_http.js",
      "fileHash": "e653e868",
      "needsInterop": false
    },
    "@angular/core": {
      "src": "../../../../../../node_modules/@angular/core/fesm2022/core.mjs",
      "file": "@angular_core.js",
      "fileHash": "df226854",
      "needsInterop": false
    },
    "@angular/forms": {
      "src": "../../../../../../node_modules/@angular/forms/fesm2022/forms.mjs",
      "file": "@angular_forms.js",
      "fileHash": "9d8e71b7",
      "needsInterop": false
    },
    "@angular/platform-browser": {
      "src": "../../../../../../node_modules/@angular/platform-browser/fesm2022/platform-browser.mjs",
      "file": "@angular_platform-browser.js",
      "fileHash": "6c0a7430",
      "needsInterop": false
    },
    "@angular/router": {
      "src": "../../../../../../node_modules/@angular/router/fesm2022/router.mjs",
      "file": "@angular_router.js",
      "fileHash": "8ad2b8e2",
      "needsInterop": false
    },
    "leaflet": {
      "src": "../../../../../../node_modules/leaflet/dist/leaflet-src.js",
      "file": "leaflet.js",
      "fileHash": "13e4a217",
      "needsInterop": true
    },
    "rxjs": {
      "src": "../../../../../../node_modules/rxjs/dist/esm5/index.js",
      "file": "rxjs.js",
      "fileHash": "d50ce57d",
      "needsInterop": false
    }
  },
  "chunks": {
    "chunk-JL3ACNBX": {
      "file": "chunk-JL3ACNBX.js"
    },
    "chunk-CFXFNWQY": {
      "file": "chunk-CFXFNWQY.js"
    },
    "chunk-FGTVUA7X": {
      "file": "chunk-FGTVUA7X.js"
    },
    "chunk-LFE7LIUE": {
      "file": "chunk-LFE7LIUE.js"
    },
    "chunk-R2GK2QZM": {
      "file": "chunk-R2GK2QZM.js"
    },
    "chunk-RSS3ODKE": {
      "file": "chunk-RSS3ODKE.js"
    },
    "chunk-H2SRQSE4": {
      "file": "chunk-H2SRQSE4.js"
    }
  }
}